,review,ner_review
0,Nobody understands the male friendship & brotherhood better than John Woo.,Nobody understands the male friendship brotherhood better than [DIRECTOR]
1,"john woo just earnestly loves guys being dudes, loads of bros crying their hearts out in the rain and hugging each other and fighting for honor and loyalty and chivalry, it fucking rules","[DIRECTOR] just earnestly loves guys being dudes, loads of bros crying their hearts out in the rain and hugging each other and fighting for honor and loyalty and chivalry, it fucking rules"
2,Brotherhood and ethics vs. blood and fire. The DNA strand to just about every great action melodrama for the next two decades.,Brotherhood and ethics vs blood and fire The DNA strand [ACTOR] just about every great action melodrama for the next two decades
3,"After an up and down decade as a director for hire in the last days of the Shaw Brothers, working alternately in the wuxia and wacky comedy genres, John Woo finally hit it big in 1986 when he teamed up with Tsui Hark and the Cinema City studio to remake Patrick Lung Kong's 1967 drama The Story of a Discharged Prisoner. One of the most influential films of the past 30 years, A Better Tomorrow established the formal and thematic…","After an up and down decade as a director for hire in the last days of the Shaw Brothers, working alternately in the wuxia and wacky comedy genres, [DIRECTOR] finally hit it big in 1986 when he teamed up with [ACTOR] and the Cinema City studio [ACTOR] remake Patrick [ACTOR] Kong 1967 drama The Story of a Discharged Prisoner One of the most influential films of the past 30 years, A Better Tomorrow established the formal and thematic"
4,Somebody told John Woo that ACAB meantAll Cops Are Brosand no one bothered to correct him.,Somebody told [DIRECTOR] that ACAB meantAll Cops Are Brosand no one bothered [ACTOR] correct him
5,"Don’t get me wrong, this is great, but it really needs a beaver with box braids.","Dont get me wrong, this is great, but it really needs a beaver with box braids"
6,"The last time I wrote here about this one, I talked about the relationship to A Story of Discharged Prisoner and Chang Cheh's brotherhood films. Rewatching it today, I was thinking about the signficance of the casting. Ti Lung was, of course, one of Chang Cheh's main leads of the 70se near the end of his leading man days and opposite to him there was Leslie Cheung who was along with Andy Lau, one of the two main romantic heartthrobs…","The last time I wrote here about this one, I talked about the relationship [ACTOR] A Story of Discharged Prisoner and [ACTOR] Cheh brotherhood films Rewatching it today, I was thinking about the signficance of the casting [ACTOR] was, of course, one of [ACTOR] Cheh main leads of the 70se near the end of his leading man days and opposite [ACTOR] him there was [ACTOR] who was along with Andy Lau, one of the two main romantic heartthrobs"
7,Lighting a cigarette with a burning 100 dollar bill is one of the coolest things to ever happen in cinema.You can actually feel John Woo being born over the course of this film. Heroes Shed No Tears started his accession but this helped form it into what would become Woo’s signature style. The Killer a couple of years later would forever solidify it.The first 20 minutes of this play out almost like a comedy before everything goes to…,Lighting a cigarette with a burning 100 dollar bill is one of the coolest things [ACTOR] ever happen in cinema You can actually feel [DIRECTOR] being born over the course of this film Heroes Shed No Tears started his accession but this helped form it into what would become [DIRECTOR] signature style The Killer a couple of years later would forever solidify it The first 20 minutes of this play out almost like a comedy before everything goes [ACTOR]
8,"Finally having seen STORY OF A DISCHARGED PRISONER it seems very clear that Woo took inspiration from its social realism and tried to marry that to a Shaw-style story of martial brotherhood using their shared shifting codes of honor as a bridge. Once the catalyst for those shifts was, say, a splinter clan trying to steal a powerful scroll, but now it's an economic bubble emerging from an influx of cheap foreign money. Either way loyalty and fraternity are the only things that end up having real, intrinsic value.","Finally having seen STORY OF A DISCHARGED PRISONER it seems very clear that [DIRECTOR] took inspiration from its social realism and tried [ACTOR] marry that [ACTOR] a Shawstyle story of martial brotherhood using their shared shifting codes of honor as a bridge Once the catalyst for those shifts was, say, a splinter clan trying [ACTOR] steal a powerful scroll, but now it an economic bubble emerging from an influx of cheap foreign money Either way loyalty and fraternity are the only things that end up having real, intrinsic value"
9,"Chow Yun-Fat light his cigarette with a burning cash not even 5 minutes into the movie, 6 stars","[ACTOR] YunFat light his cigarette with a burning cash not even 5 minutes into the movie, [YEAR] stars"
10,I'm going to have a double feature of this & the pilot to Miami Vice and ascend into heaven one of these days,Im going [ACTOR] have a double feature of this the pilot [ACTOR] Miami Vice and ascend into heaven one of these days
11,Imagine a world where action scenes today were anything like the final scene inA Better Tomorrow.It would be a beautiful world.,Imagine a world where action scenes today were anything like the final scene inA Better Tomorrow It would be a beautiful world
12,"Ambition is hell. Sacrifice is salvation. The iconic image of Chow Yun Fat lighting a cigarette with a counterfeit bill preempts the kind of flaunting, ostentatious cool imagery that would fill gangsta rap videos the next decade. They should've updated the 100 dollar bill to have *that* on the back.","Ambition is hell Sacrifice is salvation The iconic image of [ACTOR] Yun Fat lighting a cigarette with a counterfeit bill preempts the kind of flaunting, ostentatious cool imagery that would fill gangsta rap videos the next decade They shouldve updated the 100 dollar bill [ACTOR] have that on the back"
13,"“Do you believe in god?”“I am the god.”there are few things in this world I love more than Hong Kong action that makes me cry. for all that can be said about Woo’s action photography, how he beautifully conveys a sense of geography and cool through every gesture of his camera, how he’s arguably the greatest director of bullets to ever film on celluloid and how you get a sense of every character through the way they shoot…","Do you believe in god?I am the god there are few things in this world I love more than Hong Kong action that makes me cry for all that can be said about [DIRECTOR] action photography, how he beautifully conveys a sense of geography and cool through every gesture of his camera, how he arguably the greatest director of bullets [ACTOR] ever film on celluloid and how you get a sense of every character through the way they shoot"
14,"John Woo's (heroic bloodshed) movies truly ushered in a new era for action cinema. Chow Yun-Fat is great here, but so are Ting Lung, Waise Lee and Leslie Cheung. Woo would come to refine his ""bullets and melodrama"" formula with each subsequent movie, but this is already an excellent starting point.","[DIRECTOR] heroic bloodshed movies truly ushered in a new era for action cinema [ACTOR] YunFat is great here, but so are Ting Lung, [ACTOR] Lee and [ACTOR] [DIRECTOR] would come [ACTOR] refine his bullets and melodrama formula with each subsequent movie, but this is already an excellent starting point"
15,"ki·net·ic /kəˈnetik/adjectiveof, relating to, or resulting from motion.John Woo’s relationship with Tsui Hark did not last very long, but it produced three of the most iconic films that Hong Kong ever produced (A Better Tomorrow 1 & 2, The Killer). A Better Tomorrow, the first of these, took director Woo from a boring and mundane recent resume to a hyper-kinetic career path that thrust him into the international consciousness. The film also introduced Chow Yun-Fat to the world,…","kinetic knetikadjectiveof, relating to, or resulting from motion [DIRECTOR] relationship with [ACTOR] did not last very long, but it produced three of the most iconic films that Hong Kong ever produced A Better Tomorrow [YEAR] 2, The Killer A Better Tomorrow, the first of these, took director [DIRECTOR] from a boring and mundane recent resume [ACTOR] a hyperkinetic career path that thrust him into the international consciousness The film also introduced [ACTOR] YunFat [ACTOR] the world,"
16,"Action! - What Does The Dove Say? Woo Woo Woo Woo!We have now officially entered the phase of John Woo in a genre that has become synonymous with him. Gangsters, guns being shot, people hiding behind walls, rolling on the ground, tons of bodies being canibalized by bullets.One surprising aspect of this film was the fact that it had such a heartfelt storyline. This shouldn't surprise anyone since the title never implies a gruesome and overtly violent flick…","Action What Does The Dove Say? [DIRECTOR] [DIRECTOR] We have now officially entered the phase of [DIRECTOR] in a genre that has become synonymous with him Gangsters, guns being shot, people hiding behind walls, rolling on the ground, tons of bodies being canibalized by bullets One surprising aspect of this film was the fact that it had such a heartfelt storyline This shouldnt surprise anyone since the title never implies a gruesome and overtly violent flick"
17,"Having not seen this since watching it tirelessly on a loop when I worked in a video shop when discovering Chow Yun Fat and thinking he was the coolest motherfucker on the planet. Years later nothing has changed he's still untouchable and just oozes coolness from his every pour! Essentially a story about brotherhood, blood, and loyalty for as much action and gunplay on show loyalty, honor, betrayal, and friendship is the thread running through the film. A ""dudes rock""…","Having not seen this since watching it tirelessly on a loop when I worked in a video shop when discovering [ACTOR] Yun Fat and thinking he was the coolest motherfucker on the planet Years later nothing has changed he still untouchable and just oozes coolness from his every pour Essentially a story about brotherhood, blood, and loyalty for as much action and gunplay on show loyalty, honor, betrayal, and friendship is the thread running through the film A dudes rock"
18,I used to be attracted to women then my uncle showed me a movie directed by John Woo,I used [ACTOR] be attracted [ACTOR] women then my uncle showed me a movie directed by [DIRECTOR]
19,"Impossible to overstate the influence of movies like this and John Woo's other HK stuff on the action movie form, but it's different in a crucial way too - a lot of action heroes are stoic emotional ciphers, as uninterested in their own feelings as the audience is presumed to be, Woo characters are always pitched on a razor's edge of emotion, living, breathing, bleeding, and dying by their familial and professional ties, always seeming right on the cusp of either a nervous breakdown or breaking into song.","Impossible [ACTOR] overstate the influence of movies like this and [DIRECTOR] other HK stuff on the action movie form, but it different in a crucial way too a lot of action heroes are stoic emotional ciphers, as uninterested in their own feelings as the audience is presumed [ACTOR] be, [DIRECTOR] characters are always pitched on a razor edge of emotion, living, breathing, bleeding, and dying by their familial and professional ties, always seeming right on the cusp of either a nervous breakdown or breaking into song"
20,john woo's violence is so beautiful because he makes you feel the weight of the fear that everything you love could be gone in a split second like nobody else,[DIRECTOR] violence is so beautiful because he makes you feel the weight of the fear that everything you love could be gone in a split second like nobody else
21,"John Woos A Better Tomorrow sollte das Action Genre grundlegend verändern. Denn war er nicht nur der Kickstart für Chow Yun-fats Karriere sondern auch der Grundstein für das Heroic Bloodshed-Subgenre, welches Filme wie Matrix, John Wick und viele Weitere inspirierte.Man spürt jedoch dass das ganze noch nicht ganz so ausgereift ist, wie in The Killer oder später Hard Boiled. Der Fokus liegt auf dem Dreiergespann zwischen jungem Cop, seinem ehemals kriminellen Bruder und seinem Komplizen. Eine Geschichte mit ganz…","[DIRECTOR] Woos A Better Tomorrow sollte das Action Genre grundlegend verndern Denn war er nicht nur der Kickstart fr [ACTOR] Yunfats Karriere sondern auch der Grundstein fr das Heroic BloodshedSubgenre, welches Filme wie Matrix, [DIRECTOR] Wick und viele Weitere inspirierte Man sprt jedoch dass das ganze noch nicht ganz so ausgereift ist, wie in The Killer oder spter Hard Boiled Der Fokus liegt auf dem Dreiergespann zwischen jungem Cop, seinem ehemals kriminellen Bruder und seinem Komplizen Eine Geschichte mit ganz"
22,"English Version belowMottenkisteHolt die Geisel hervor. Zündet die Fackeln an. Schärft die Heugabeln. Schart die Dorf(Letterboxd)gemeinschaft zusammen. Bringt Pech und Federn an den Pranger. Setzt mich,Euren Simon, in Ketten gelegen in diese zur Schaustellung des im Namen tragenden PrangersEuresAnprangerns meiner Geschmacksverwirrung, meinem sehr fragwürdigen Gehirnumwirrungen, meines hier erlebten Gehirnfurzes und dessen Niederfassen in die Zeilen, meiner kurzeitigen Demenz und Blackouts mit ihrem Ursprung dieser Review.Bewerft mich mit dem ZeichenEuresMissfallens für diese schändliche…","English Version belowMottenkisteHolt die Geisel hervor Zndet die Fackeln an Schrft die Heugabeln Schart die DorfLetterboxdgemeinschaft zusammen Bringt Pech und Federn an den Pranger Setzt mich,Euren Simon, in Ketten gelegen in diese zur Schaustellung des im Namen tragenden PrangersEuresAnprangerns meiner Geschmacksverwirrung, meinem sehr fragwrdigen Gehirnumwirrungen, meines hier erlebten Gehirnfurzes und dessen Niederfassen in die Zeilen, meiner kurzeitigen Demenz und Blackouts mit ihrem Ursprung dieser Review Bewerft mich mit dem ZeichenEuresMissfallens fr diese schndliche"
23,"Alfred North Whitehead said all Western philosophy was merely footnotes on Plato. Well, since 1986, all of action cinema has simply been footnotes on A BETTER TOMORROW.","Alfred North Whitehead said all Western philosophy was merely footnotes on Plato Well, since 1986, all of action cinema has simply been footnotes on A BETTER TOMORROW"
24,Make action films gay again.,Make action films gay again
25,"This is the first time I’ve watched A Better Tomorrow since finally catching up with Story of a Discharged Prisoner, the 1967 Patrick Lung Kong film that was Woo’s main inspiration. The early film as the title implies is a social drama about how hard it is for ex-convicts to go straight, with the family drama and gangster plot serving to illustrate the central ideas, Woo’s film invert the logic recognizes all the outsize possibilities in the dramatic material while…","This is the first time Ive watched A Better Tomorrow since finally catching up with Story of a Discharged Prisoner, the 1967 Patrick [ACTOR] Kong film that was [DIRECTOR] main inspiration The early film as the title implies is a social drama about how hard it is for exconvicts [ACTOR] go straight, with the family drama and gangster plot serving [ACTOR] illustrate the central ideas, [DIRECTOR] film invert the logic recognizes all the outsize possibilities in the dramatic material while"
26,"the really bad subtitle track for my copy of this called al pacino ""albert gino""",the really bad subtitle track for my copy of this called al pacino albert gino
27,"Hmm... this was pretty mediocre for me. Yeah, I know thatA Better Tomorrowis hailed as one of the most influential (action) films that ever came out from Hong Kong, but that doesn't mean I have to like it. I've watched this 4 days ago and honestly, I barely remember anything from the film other than the corny melodramatic score, the uninteresting drama, and some action scenes that were a bit of a bore. I love me some cheesy…","Hmm this was pretty mediocre for me Yeah, I know thatA Better Tomorrowis hailed as one of the most influential action films that ever came out from Hong Kong, but that doesnt mean I have [ACTOR] like it Ive watched this 4 days ago and honestly, I barely remember anything from the film other than the corny melodramatic score, the uninteresting drama, and some action scenes that were a bit of a bore I love me some cheesy"
28,"i admittedly only half-watched this while high out of my mind (and trying to get my work email down to zero?) but i did pay attention to every bit of chow yun-fat double-fisted gun play, so yeah. it rules.","i admittedly only halfwatched this while high out of my mind and trying [ACTOR] get my work email down [ACTOR] zero? but i did pay attention [ACTOR] every bit of [ACTOR] yunfat doublefisted gun play, so yeah it rules"
29,"A great gangster movie from John Woo in which we get to see Chow Yun-fat light a cigarette with a burning dollar bill. Leslie Cheung also plays a pretty cool character in this movie too. The middle of the movie is definitely my favorite part. The final fight is an epic yet devastating scene. However, I still think this is a pretty good movie.","A great gangster movie from [DIRECTOR] in which we get [ACTOR] see [ACTOR] Yunfat light a cigarette with a burning dollar bill [ACTOR] also plays a pretty cool character in this movie too The middle of the movie is definitely my favorite part The final fight is an epic yet devastating scene However, I still think this is a pretty good movie"
30,"John Woo’s 80s action classic is a landmark film that set the future trend with its template structure, perfectly blending emotional melodrama and violent bloodshed, with themes of brotherhood, friendship, loyalty and revenge. The actions and the gunplay are stylishly choreographed with slo mo’s, solid visuals and soundtrack. Though the drama revolves around the brothers in Leslie Cheung and Ti Lung, its Chow Yun-fat who steals the show with his charismatic and swag loaded performance. A must watch classic for action lovers.","[DIRECTOR] 80s action classic is a landmark film that set the future trend with its template structure, perfectly blending emotional melodrama and violent bloodshed, with themes of brotherhood, friendship, loyalty and revenge The actions and the gunplay are stylishly choreographed with slo mo, solid visuals and soundtrack Though the drama revolves around the brothers in [ACTOR] and [ACTOR] Lung, its [ACTOR] Yunfat who steals the show with his charismatic and swag loaded performance A must watch classic for action lovers"
31,je suis persuadé ya un cut ou ils s’embrassent a la fin,je suis persuad ya un cut ou ils sembrassent a la fin
32,"""If you live by principles, you have nothing to fear. Be strong.""Amidst the hellacious hailstorm of gunfire and the crumbling of your life along with those who you love the most, a single person remains by your side: your best friend; your brother for life.""Once a thief, it's not easy to turn your life around.""The decisions of your past - ill-advised as they were - dictating the path your life takes; a life spent on the opposite…","If you live by principles, you have nothing [ACTOR] fear Be strong Amidst the hellacious hailstorm of gunfire and the crumbling of your life along with those who you love the most, a single person remains by your side your best friend; your brother for life Once a thief, it not easy [ACTOR] turn your life around The decisions of your past illadvised as they were dictating the path your life takes; a life spent on the opposite"
33,"""There's no more rules in the world, you can't trust anyone anymore.""A critique of power: how organized institutions of law and crime intercede between brothers of both blood and bondWatching this back to back withLast Hurrah for Chivalryit's hard not to compare them, and while the story structure and characters share some similarities, the form is completely different. Here we find Woo's signature melodrama in full force, with moody lighting, stormy weather, and slow-motion shootouts. The…","There no more rules in the world, you cant trust anyone anymore A critique of power how organized institutions of law and crime intercede between brothers of both blood and bondWatching this back [ACTOR] back withLast Hurrah for Chivalryit hard not [ACTOR] compare them, and while the story structure and characters share some similarities, the form is completely different Here we find [DIRECTOR] signature melodrama in full force, with moody lighting, stormy weather, and slowmotion shootouts The"
34,"The blazing hellfire of bullets and blows, exhibiting some of the baddest squibs you'll ever see, delivers on spectacle in spades. But it is the emotion that both anchors and elevates this, the love between brothers that not even the almighty showers of gunfire can wash away. Blood money, bloodied bodies, blood ties...it is the heart that bleeds most of all.""Be a brother.""","The blazing hellfire of bullets and blows, exhibiting some of the baddest squibs youll ever see, delivers on spectacle in spades But it is the emotion that both anchors and elevates this, the love between brothers that not even the almighty showers of gunfire can wash away Blood money, bloodied bodies, blood ties it is the heart that bleeds most of all Be a brother"
35,A John Woo Classic! Not only a truly awesome action film it's also a pretty emotional film about forgiveness.,A [DIRECTOR] Classic Not only a truly awesome action film it also a pretty emotional film about forgiveness
36,"Regret to say that A Better Tomorrow feels like a massive step down compared to the brilliance of the last I've seen The Killer, especially in terms of it's narrative complexity and character depth. It markedly reduced in it's action sequences, combined with a disrespectful portrayal of female characters and an overindulgence in it's melodrama, and substantially i just couldn't resonate with the storyline.Perhaps it's because I recently just witness The Killer? Which is arguably one of the best…","Regret [ACTOR] say that A Better Tomorrow feels like a massive step down compared [ACTOR] the brilliance of the last Ive seen The Killer, especially in terms of it narrative complexity and character depth It markedly reduced in it action sequences, combined with a disrespectful portrayal of female characters and an overindulgence in it melodrama, and substantially i just couldnt resonate with the storyline Perhaps it because I recently just witness The Killer? Which is arguably one of the best"
37,"Decent story, and some crazy gun-fu that we come to know from John Woo.John Woo ranked","Decent story, and some crazy gunfu that we come [ACTOR] know from [DIRECTOR] [DIRECTOR] ranked"
38,"This feels like John Woo's ""Blood Simple"" in that it's an earlier work that has many of the nascent elements he would go on to perfect throughout his career. Not bad by any means, and the man love between the three main leads is palpable. Plus it's fun to see a star being born in Chow-Yun Fat.","This feels like [DIRECTOR] Blood Simple in that it an earlier work that has many of the nascent elements he would go on [ACTOR] perfect throughout his career Not bad by any means, and the man love between the three main leads is palpable Plus it fun [ACTOR] see a star being born in ChowYun Fat"
39,death before dishonor,death before dishonor
40,i need to become a better builder on fortnite man,i need [ACTOR] become a better builder on fortnite man
41,"Had to revisit this after donning a pristine white suit and being blown away byA Better Tomorrow IIagain. Man, I love this movie (if you couldn't already tell by my Lb pic), and this umpteenth viewing yielded new little details I'd never noticed, like Woo, in perhaps the most cocksure move I've ever seen, double dolly shooting himself (he plays an inspector) right after the iconic restaurant bloodbath, gazing upon the carnage like God over Creation, as if…","Had [ACTOR] revisit this after donning a pristine white suit and being blown away byA Better Tomorrow IIagain Man, I love this movie if you couldnt already tell by my Lb pic, and this umpteenth viewing yielded new little details Id never noticed, like Woo, in perhaps the most cocksure move Ive ever seen, double dolly shooting himself he plays an inspector right after the iconic restaurant bloodbath, gazing upon the carnage like God over Creation, as if"
42,"Much like the similar ironic fate of action maestros of high calliber, initially deemed for specific type of films that later got far removed from their recognized output. Names like Sergio Leone that at first seemed merely a name to be related to late epic peplums – not to say (just) B spagetthi Westerns; and the other Sergio – Corbucci with his early comedies and melodramas.So didJohn Woowith his initial string of comedies – and lowkey (underrated)…","Much like the similar ironic fate of action maestros of high calliber, initially deemed for specific type of films that later got far removed from their recognized output Names like Sergio Leone that at first seemed merely a name [ACTOR] be related [ACTOR] late epic peplums not [ACTOR] say just B spagetthi Westerns; and the other Sergio Corbucci with his early comedies and melodramas So didJohn Woowith his initial string of comedies and lowkey underrated"
43,"80/90er-Testosteron ActionWenn es um Freundschaft und Bruderliebe geht, dir die Kugeln um die Ohren fliegen, dann bist du in John Woo's Heroic Bloodshed Klassiker ""City Wolf - A better Tomorrow"". Hier wird nicht gekleckert, sondern gesabbert und geballert.Jetzt fehlt mir nur noch ""Bullet in the Head"", dann hab ich alle der großen vier John Woo Klassiker gesehen. Wer dem asiatischen HK Kino der 80er nicht abgeneigt ist, sollte sich ""City Wolf - A better Tomorrow"" unbedingt merken. Es…","8090erTestosteron ActionWenn es um Freundschaft und Bruderliebe geht, dir die Kugeln um die Ohren fliegen, dann bist du in [DIRECTOR] Heroic Bloodshed Klassiker City Wolf A better Tomorrow Hier wird nicht gekleckert, sondern gesabbert und geballert Jetzt fehlt mir nur noch Bullet in the Head, dann hab ich alle der groen vier [DIRECTOR] Klassiker gesehen Wer dem asiatischen HK Kino der 80er nicht abgeneigt ist, sollte sich City Wolf A better Tomorrow unbedingt merken Es"
44,"the melodrama reaches zurlinian dramatic pungency at times, a tale of loyalty and brotherhood told with woo's exotic eye and a special taste for violence that turns everything even more engaging. great casting by the way, yun-fat being particularly grand.","the melodrama reaches zurlinian dramatic pungency at times, a tale of loyalty and brotherhood told with [DIRECTOR] exotic eye and a special taste for violence that turns everything even more engaging great casting by the way, yunfat being particularly grand"
45,"Considering A Better Tomorrow was produced on a relatively small budget and sent into cinemas with virtually no advertising, it's simply incredible to witness what is the birth of Hong Kong gangster cinema as we know it today. Pretty much any of the film's wonkier moments are bolstered by its captivating musical score by Joseph Koo, the gripping story, epic shootouts and incredible leading performances of Ti Lung, Leslie Cheung and, the epitome of coolness himself, Chow Yun-fat. In 95…","Considering A Better Tomorrow was produced on a relatively small budget and sent into cinemas with virtually no advertising, it simply incredible [ACTOR] witness what is the birth of Hong Kong gangster cinema as we know it today Pretty much any of the film wonkier moments are bolstered by its captivating musical score by Joseph Koo, the gripping story, epic shootouts and incredible leading performances of [ACTOR] Lung, [ACTOR] and, the epitome of coolness himself, [ACTOR] Yunfat In 95"
46,"John Woo'sA Better Tomorrowis a nice slab of 80's fried HK action cinema, dripping in sweat but also surprisingly sappy resulting in some riveting tonal whiplash.Here we follow two brothers on opposite sides of the tracks. One's a triad, the other has just graduated from school to become a cop. Their love could not be more palpable though, since the cop-to-be brother has no idea of his other brother's shady life. Cue the double-crossings, bloodshed, redemption, and…","[DIRECTOR] WoosA Better Tomorrowis a nice slab of 80 fried HK action cinema, dripping in sweat but also surprisingly sappy resulting in some riveting tonal whiplash Here we follow two brothers on opposite sides of the tracks One a triad, the other has just graduated from school [ACTOR] become a cop Their love could not be more palpable though, since the coptobe brother has no idea of his other brother shady life Cue the doublecrossings, bloodshed, redemption, and"
47,"Let's say hypothetically you had the powers to transport yourself to the year 1987. First things first, you hungrily acquire a Webster's dictionary. The word badass is defined as: ready to cause or get into trouble. The classic directors are name checked: Leone, Peckinpah, Scorsese, Kurosawa, etc. In freshly red-tainted ink is theNew Wave of Badassfronted by the first Chinese name to be cataloged: Woo.","Let say hypothetically you had the powers [ACTOR] transport yourself [ACTOR] the year 1987 First things first, you hungrily acquire a Webster dictionary The word badass is defined as ready [ACTOR] cause or get into trouble The classic directors are name checked Leone, Peckinpah, Scorsese, Kurosawa, etc In freshly redtainted ink is theNew Wave of Badassfronted by the first Chinese name [ACTOR] be cataloged [DIRECTOR]"
48,"""You really think you can learn this? Don't think reading gangster books will make you the boss. Have you ever had a gun pointed at your head? No. Twelve years ago... Twelve years already. For the first time, I went with Ho to bring goods to Indonesia. The Boss there treated us to dinner in the night club. I said something wrong, displeasing the boss... and there were two guns pointed at my head. I was forced to drink a…","You really think you can learn this? Dont think reading gangster books will make you the boss Have you ever had a gun pointed at your head? No Twelve years ago Twelve years already For the first time, I went with Ho [ACTOR] bring goods [ACTOR] Indonesia The Boss there treated us [ACTOR] dinner in the night club I said something wrong, displeasing the boss and there were two guns pointed at my head I was forced [ACTOR] drink a"
49,"I bet a lot of actors wish they had an introduction as iconic as Chow Yun-Fat lighting a cigarette with a flaming c-note.Chang Cheh may have prefigured the subgenre with films like The Duel and New One-Armed Swordsman, but John Woo’s The Better Tomorrow is heroic bloodshed’s explosive debut, emerging full-formed with sleek style, brotherhood melodrama, and dual pistols blazing. I had always expected this to be a nonstop gunfight, but then I remembered I was watching a John…","I bet a lot of actors wish they had an introduction as iconic as [ACTOR] YunFat lighting a cigarette with a flaming cnote [ACTOR] Cheh may have prefigured the subgenre with films like The Duel and New OneArmed Swordsman, but [DIRECTOR] The Better Tomorrow is heroic bloodshed explosive debut, emerging fullformed with sleek style, brotherhood melodrama, and dual pistols blazing I had always expected this [ACTOR] be a nonstop gunfight, but then I remembered I was watching a [DIRECTOR]"
50,"This landmark film from John Woo helped to usher in the “Heroic Bloodshed” genre—a style of Hong Kong action filmmaking that eschewed the traditional martial arts-oriented stylings of both Kung Fu and Wuxia cinema in favour of hyper-stylised, explosive gunplay; featuring narratives that were largely centred around organised crime syndicates (chiefly the HK Triad) and containing heavily dramatised elements and intricately entwined human storylines. This film is generally considered to mark the genesis of this new movement in action cinema—one…","This landmark film from [DIRECTOR] helped [ACTOR] usher in the Heroic Bloodshed genrea style of Hong Kong action filmmaking that eschewed the traditional martial artsoriented stylings of both Kung Fu and Wuxia cinema in favour of hyperstylised, explosive gunplay; featuring narratives that were largely centred around organised crime syndicates chiefly the HK Triad and containing heavily dramatised elements and intricately entwined human storylines This film is generally considered [ACTOR] mark the genesis of this new movement in action cinemaone"
51,"A melodrama on top of an action flick on top of a family drama, this film bursts onto the screen with bright flashes and pain. Pain that is drenched in every unspoken moment, every bullet that tears through the skin.It’s complex and difficult being on opposite sides. When everything in your gut and every instinct is telling you that you’re on the same side. But you have to push that down and continue fighting. Stop thinking. Keep shooting. Until it’s all done and you can grip his hand again.(side note - nobody does a shootout like John Woo! King shit.)","A melodrama on top of an action flick on top of a family drama, this film bursts onto the screen with bright flashes and pain Pain that is drenched in every unspoken moment, every bullet that tears through the skin It complex and difficult being on opposite sides When everything in your gut and every instinct is telling you that youre on the same side But you have [ACTOR] push that down and continue fighting Stop thinking Keep shooting Until it all done and you can grip his hand again side note nobody does a shootout like [DIRECTOR] King shit"
52,I'm admittedly very behind on my John Woo viewings as much as I hate to admit it this is the first film I've seen from him that wasn't an american production. I've obviously known of his reputation for years and he was always one of the main directors I wanted to get to but kept getting sidetracked and actually often found some of his work hard to find. I originally wanted Hard Boiled and The Killer to be the first…,Im admittedly very behind on my [DIRECTOR] viewings as much as I hate [ACTOR] admit it this is the first film Ive seen from him that wasnt an american production Ive obviously known of his reputation for years and he was always one of the main directors I wanted [ACTOR] get [ACTOR] but kept getting sidetracked and actually often found some of his work hard [ACTOR] find I originally wanted Hard Boiled and The Killer [ACTOR] be the first
53,to the old times and past glory that can never be started all over again 🇭🇰,[ACTOR] the old times and past glory that can never be started all over again
54,"Welcome to the miraculous beginning of the ""heroic bloodshed"" sensation! Chow Yun-Fat and Leslie Cheung are transformed into multi-layered action stars thanks to Woo's extremely influential action vision and his editing brilliance. Ying hung boon sik is truly the legitimate father of any Internal Affairs and similar hybrids. A must for any action fan!89/100",Welcome [ACTOR] the miraculous beginning of the heroic bloodshed sensation [ACTOR] YunFat and [ACTOR] are transformed into multilayered action stars thanks [ACTOR] [DIRECTOR] extremely influential action vision and his editing brilliance Ying [ACTOR] boon sik is truly the legitimate father of any Internal Affairs and similar hybrids A must for any action fan 89100
55,Chow Yun-fat gets shot in the leg and punched in the face like 100 times and is still the coldest mf on the planet,[ACTOR] Yunfat gets shot in the leg and punched in the face like 100 times and is still the coldest mf on the planet
56,"It all starts here, Asian Heritage Month!""Loyalty is a thing of the past""Violent dreams disrupt a harmonious equilibrium. A morally bereft future is heralded. Everything used to be so simple! Your best friend on your arm, your brother and family all in alignment. Neatly separated from the fast talking, smooth criminal life style. These ""black and white"" sides were never meant to inter mingle. When it all eventually goes south, suddenly everything falls apart. Starting the narrative at…","It all starts here, Asian Heritage Month Loyalty is a thing of the pastViolent dreams disrupt a harmonious equilibrium A morally bereft future is heralded Everything used [ACTOR] be so simple Your best friend on your arm, your brother and family all in alignment Neatly separated from the fast talking, smooth criminal life style These black and white sides were never meant [ACTOR] inter mingle When it all eventually goes south, suddenly everything falls apart Starting the narrative at"
57,"A Better Tomorrowlaunched a highly successful collaboration of films between John Woo and Chow Yun-Fat includingThe Killer, arguably the most significant movie from their partnership. It examines friendship and family tenets and is a significant landmark and staple in action film history.Leading actor Ti Lung plays Sung Tse-Ho, a former Triad member who comes to find that breaking ties to the gang is more challenging than he thought. Further complicating matters for him is his best friend…","A Better Tomorrowlaunched a highly successful collaboration of films between [DIRECTOR] and [ACTOR] YunFat includingThe Killer, arguably the most significant movie from their partnership It examines friendship and family tenets and is a significant landmark and staple in action film history Leading actor [ACTOR] plays Sung TseHo, a former Triad member who comes [ACTOR] find that breaking ties [ACTOR] the gang is more challenging than he thought Further complicating matters for him is his best friend"
58,"DirectorQuest: 54/100John Woo: 2/5""Do you believe there's a God?""""Yes. I am God. You're one. A god can be human. A god is someone who controls his destiny.""An odd one for me, because I admittedly feel like it's closer to a 7.5 for me, yet I'm going to give it an 8. John Woo, though only having seen a handful of his films, is a director I respect a lot. His type of films that focus on…","DirectorQuest 54100John [DIRECTOR] 25Do you believe there a God?Yes I am God Youre one A god can be human A god is someone who controls his destiny An odd one for me, because I admittedly feel like it closer [ACTOR] a 7 5 for me, yet Im going [ACTOR] give it an [YEAR] [DIRECTOR] Woo, though only having seen a handful of his films, is a director I respect a lot His type of films that focus on"
59,"The way he lights a cigarette, wields dual pistols, rocks a black trench coat: very few people have ever looked cooler than Chow Yun-fat","The way he lights a cigarette, wields dual pistols, rocks a black trench coat very few people have ever looked cooler than [ACTOR] Yunfat"
60,"It's my first John Woo work I guess, I haven't really explored much of Action cinema. This was a splendid experience for sure, Action cinema is something that ages well and never dies, there's a certain allure to the absolute mayhem of Gunfire. The action sequences in these were soo stylish and dazzling to look at, I don't really care much about the drama in Action cinema but the character were solid I'd say with really exceptional characterisations. Mark(Chow Yun-Fat)…","It my first [DIRECTOR] work I guess, I havent really explored much of Action cinema This was a splendid experience for sure, Action cinema is something that ages well and never dies, there a certain allure [ACTOR] the absolute mayhem of Gunfire The action sequences in these were soo stylish and dazzling [ACTOR] look at, I dont really care much about the drama in Action cinema but the character were solid Id say with really exceptional characterisations MarkChow YunFat"
61,"This review may contain spoilers.I can handle the truth.John Woo found the genre that he could excel in with A Better Tomorrow after experimenting with comedies resembling those of the Hui brothers. Chow Yun-fat also gradually transformed from ""box office poison"" to a popular actor beginning from this film.A Better Tomorrow is underpinned by the romantic, heroic ideal of brotherhood in a Confucian universe, with Ah Mark standing for brother without blood tie, Ah Git for brother with blood tie, and Ah Shing a brother who betrayed…","This review may contain spoilers I can handle the truth [DIRECTOR] found the genre that he could excel in with A Better Tomorrow after experimenting with comedies resembling those of the Hui brothers [ACTOR] Yunfat also gradually transformed from box office poison [ACTOR] a popular actor beginning from this film A Better Tomorrow is underpinned by the romantic, heroic ideal of brotherhood in a Confucian universe, with Ah Mark standing for brother without blood tie, Ah Git for brother with blood tie, and Ah [ACTOR] a brother who betrayed"
62,"5th John Woo (after Broken Arrow, Hard Boiled, The Killer and Face/Off)The first thirty minutes of A Better Tomorrow are fantastic. Chow Yun-Fat's Mark was apparently a cultural icon in mid-eighties Hong Kong, and it's easy to see why. He exudes cool in his long coat and dark sunglasses, prowling the streets of Hong Kong as he and Ti Lung run a successful counterfeit money business. It climaxes in the celebrated restaurant shootout, the first real moment of 'gun-fu'…","5th [DIRECTOR] after Broken Arrow, Hard Boiled, The Killer and FaceOffThe first thirty minutes of A Better Tomorrow are fantastic [ACTOR] YunFat Mark was apparently a cultural icon in mideighties Hong Kong, and it easy [ACTOR] see why He exudes cool in his long coat and dark sunglasses, prowling the streets of Hong Kong as he and [ACTOR] run a successful counterfeit money business It climaxes in the celebrated restaurant shootout, the first real moment of gunfu"
63,"This for certain fulfilled my lack of action/violence as of late.I have only viewed a small percentage of John Woo's output in Hong Kong; as this is rather easy to view online (wink, wink) I finally pulled the trigger-or triggers; this was the first time Chow Yun-Fat double-fisted pistols in a film-and saw quite the melodramatic tale that was rather engrossing. One brother in a family (Kit) becomes a police officer while another (Ho) is in a gang. Ho…","This for certain fulfilled my lack of actionviolence as of late I have only viewed a small percentage of [DIRECTOR] output in Hong Kong; as this is rather easy [ACTOR] view online wink, wink I finally pulled the triggeror triggers; this was the first time [ACTOR] YunFat doublefisted pistols in a filmand saw quite the melodramatic tale that was rather engrossing One brother in a family Kit becomes a police officer while another Ho is in a gang Ho"
64,chow yun-fat shooting men in slow motion is my new religion,[ACTOR] yunfat shooting men in slow motion is my new religion
65,"Finally finished all of John woos directorial run and not only am I gonna put what I thought on the movie but also my whole thoughts on his 4 legendary films..Movie:This movie was amazing. Unfortunately, it does have some flaws that made me debate between giving it a 4 or a 4.5 out of 5. For example, some parts felt a bit underdeveloped and dragged, especially given its short runtime of 1 hour and 35 minutes. Many parts…","Finally finished all of [DIRECTOR] woos directorial run and not only am I gonna put what I thought on the movie but also my whole thoughts on his 4 legendary films MovieThis movie was amazing Unfortunately, it does have some flaws that made me debate between giving it a 4 or a 4 5 out of 5 For example, some parts felt a bit underdeveloped and dragged, especially given its short runtime of [YEAR] hour and 35 minutes Many parts"
66,"Who doesn't like a good dose of heroic bloodshed and melodrama??John Woo is a director I associate with the word style. And this film definitely has a lot of style, though that doesn't mean the dramatic aspects of this action drama are weak. It takes a fair amount of time in developing the dynamics between the characters. Infact, the palpable drama takes the chunk of the narrative rather than action, now it may be due to the prohibited budget…","Who doesnt like a good dose of heroic bloodshed and melodrama??John [DIRECTOR] is a director I associate with the word style And this film definitely has a lot of style, though that doesnt mean the dramatic aspects of this action drama are weak It takes a fair amount of time in developing the dynamics between the characters Infact, the palpable drama takes the chunk of the narrative rather than action, now it may be due [ACTOR] the prohibited budget"
67,"Dieser ""John Woo"" Film, ist der Wegbereiter des Action Subgenre ""Hong-Kong-Blut-Oper"" (Heroic Bloodshed).Ziemlich überrascht war ich hier über die doch tief gehende Figurenzeichnung, wodurch der Film zusätzlich ein Hauch melodramatisch wirkt.Schauspielerische Spitzenleistungen habe ich nicht erwartet und auch nicht bekommen 😁.Aber gut Inszenierte Action habe ich erwartet und die habe ich eindeutig bekommen👍.","Dieser [DIRECTOR] Film, ist der Wegbereiter des Action Subgenre HongKongBlutOper Heroic Bloodshed Ziemlich berrascht war ich hier ber die doch tief gehende Figurenzeichnung, wodurch der Film zustzlich ein Hauch melodramatisch wirkt Schauspielerische Spitzenleistungen habe ich nicht erwartet und auch nicht bekommen Aber gut Inszenierte Action habe ich erwartet und die habe ich eindeutig bekommen"
68,"I guess I had expected more action, but what's the point of that if it doesn't represent anything? While the story doesn't stray far from the beaten path, the attention Woo puts into his characters, and by extension us as a viewer, leaves you on the edge of your seat with every story beat. Chow is effortlessly cool to the point that I didn't even care whether he was the main character or not, that part where he puts his broke ass leg on the table in the club, and pours one out on it in front of Waise Lee's face? Fuckin' legend.","I guess I had expected more action, but what the point of that if it doesnt represent anything? While the story doesnt stray far from the beaten path, the attention [DIRECTOR] puts into his characters, and by extension us as a viewer, leaves you on the edge of your seat with every story beat [ACTOR] is effortlessly cool [ACTOR] the point that I didnt even care whether he was the main character or not, that part where he puts his broke ass leg on the table in the club, and pours one out on it in front of [ACTOR] Lee face? Fuckin legend"
69,Pretty great but honestly a bit too melodramatic for my tasteis what I would normally say but goddamn John Woo just has a way of making even the cheesiest (and weirdest) melodrama work. I mean can you even imagine Face/Off without John Travolta's hand trickling down everyone's face?,Pretty great but honestly a bit too melodramatic for my tasteis what I would normally say but goddamn [DIRECTOR] just has a way of making even the cheesiest and weirdest melodrama work I mean can you even imagine FaceOff without [DIRECTOR] Travolta hand trickling down everyone face?
70,"Top shelf action filmmaking. You can feel the influence of wuxia and opera in the highly stylized fight sequences. Every actor goes so fucking hard and looks so good. Extremely, extremely goated.","Top shelf action filmmaking You can feel the influence of wuxia and opera in the highly stylized fight sequences Every actor goes so fucking hard and looks so good Extremely, extremely goated"
71,"Hongkong ist schön bei Nacht...All die vielen Lichter, Neondurchtränkte Strassen und Clubs.Die Unterwelt erwacht, dubiose Geschäfte, Deals und Mord blühen.Anfangs tat ich mich schwer in den Film zu kommen, zuviel übertriebener Humor mit dem ich seither eh nicht so gut connecten kann.Aber John Woo denkt nicht groß an Klamauk sondern lässt die Geschichte fließen und immer weiter ins Dunkle driften.Eine Geschichte über Freundschaften, Familie, falsche Entscheidungen, Resozialisierung, Vertrauen und Verrat.Ein blutiger Weg in die Finsternis ohne Gewinner. Leichen über Leichen sind das Resultat.Ab jetzt nimmt der Heroic Bloodshed-Vibe Fahrt auf. Ich bin heiß!","Hongkong ist schn bei Nacht All die vielen Lichter, Neondurchtrnkte Strassen und Clubs Die Unterwelt erwacht, dubiose Geschfte, Deals und Mord blhen Anfangs tat ich mich schwer in den Film zu kommen, zuviel bertriebener Humor mit dem ich seither eh nicht so gut connecten kann Aber [DIRECTOR] denkt nicht gro an Klamauk sondern lsst die Geschichte flieen und immer weiter ins Dunkle driften Eine Geschichte ber Freundschaften, Familie, falsche Entscheidungen, Resozialisierung, Vertrauen und Verrat Ein blutiger Weg in die Finsternis ohne Gewinner Leichen ber Leichen sind das Resultat Ab jetzt nimmt der Heroic BloodshedVibe Fahrt auf Ich bin hei"
72,"I'm obsessed by the soundtrack .Realistic drama with a touch of redemption The real strength of this film is in the iconized characters and the charisma they exude .Excessive in form, but intimate in substance; when action is compatible with emotion. That's why I love John Woo, he shows us that even the greatest mobsters, even if their morals are debatable, remain human beings with feelings above all . Chow Yun-fat the one who can't resist his smile doesn't like cinema.","Im obsessed by the soundtrack Realistic drama with a touch of redemption The real strength of this film is in the iconized characters and the charisma they exude Excessive in form, but intimate in substance; when action is compatible with emotion That why I love [DIRECTOR] Woo, he shows us that even the greatest mobsters, even if their morals are debatable, remain human beings with feelings above all [ACTOR] Yunfat the one who cant resist his smile doesnt like cinema"
73,"A larger than life tragic brotherly love portrayed in a beautifully shot Hong Kong underworld brutal action flick, filled with guns & violence & longing for redemption. A man's desperate plea for return to normal life gets prevented again and again by his brutal criminal past where trust is scarce & money is the only motivation. But even in that cutthroat business Mark & Ho's camaraderie probably proves that there's nothing stronger in this world than a true male bond which grows over time…","A larger than life tragic brotherly love portrayed in a beautifully shot Hong Kong underworld brutal action flick, filled with guns violence longing for redemption A man desperate plea for return [ACTOR] normal life gets prevented again and again by his brutal criminal past where trust is scarce money is the only motivation But even in that cutthroat business Mark Ho camaraderie probably proves that there nothing stronger in this world than a true male bond which grows over time"
74,"It's a lot of fun to see Leslie Cheung in an action movie! He's known for his romantic/dramatic roles, but it's awesome to see him run around and shoot people.Perhaps I'm a tad underwhelmed, after absolutely lovingHard Boiled. Don't get me wrong, this is quite a good movie, but I feel like it's the kind of film that gave birth to a lot of cliches we see in action movies today. It's *extremely* melodramatic, and I don't think…","It a lot of fun [ACTOR] see [ACTOR] in an action movie He known for his romanticdramatic roles, but it awesome [ACTOR] see him run around and shoot people Perhaps Im a tad underwhelmed, after absolutely lovingHard Boiled Dont get me wrong, this is quite a good movie, but I feel like it the kind of film that gave birth [ACTOR] a lot of cliches we see in action movies today It extremely melodramatic, and I dont think"
75,"Lights Camera Action, A Better Tommarow. Beginning of the action revolution, Break out role for Yun-Fat Chow, he is cool as fuck, forms a great double act with Lunh Ti. Director John Woo lets the bullets flow. Leslie Cheung is the Chinese James Dean, Legendary and not forgotten. Good Guys and Bad guys, Cops and robbers, honor, Loyalty and brotherhood. Thrilling and emotional. This is a action classic","Lights Camera Action, A Better Tommarow Beginning of the action revolution, Break out role for YunFat Chow, he is cool as fuck, forms a great double act with Lunh [ACTOR] Director [DIRECTOR] lets the bullets flow [ACTOR] is the Chinese James Dean, Legendary and not forgotten Good Guys and Bad guys, Cops and robbers, honor, Loyalty and brotherhood Thrilling and emotional This is a action classic"
76,"This review may contain spoilers.I can handle the truth.A John Woo classic. This is one of the earliest examples of the ""heroic bloodshed"" sub-genre as far as I know, and it pretty much sets the standard for subsequent films in the genre. I'd consider it to be the first ""true"" John Woo flick, giving you all the grit and violence you'd expect.The narrative focuses on three main characters, as the first several minutes give us pretty good insight. You have two brothers on both sides of the…","This review may contain spoilers I can handle the truth A [DIRECTOR] classic This is one of the earliest examples of the heroic bloodshed subgenre as far as I know, and it pretty much sets the standard for subsequent films in the genre Id consider it [ACTOR] be the first true [DIRECTOR] flick, giving you all the grit and violence youd expect The narrative focuses on three main characters, as the first several minutes give us pretty good insight You have two brothers on both sides of the"
77,"ACTION SCENES: 6TOTAL ACTION TIME: 21.75/95 min. (22.9/100)CHOREOGRAPHY: 7/10STUNTS: 7/10EDITING: 8/10FINALE: 7/10MISCELLANEOUS MENTIONS:TOTAL ACTION JUNKIE SCORE: 57.9READ HOW THE ACTION JUNKIE SCORE WORKSPart of our cleverly worded ""Yuen-Woo-Ping"" month, where we watch a movie by Corey Yuen, then John Woo, then Yuen Woo-Ping, ha!It's interesting revisiting this in 2024 - it really is the first true blue ""John Woo film"" as we understand it today, yet more dramatic than action-oriented.…","ACTION SCENES 6TOTAL ACTION TIME 21 7595 min 22 9100CHOREOGRAPHY 710STUNTS 710EDITING 810FINALE 710MISCELLANEOUS MENTIONSTOTAL ACTION JUNKIE SCORE 57 9READ HOW THE ACTION JUNKIE SCORE WORKSPart of our cleverly worded YuenWooPing month, where we watch a movie by Corey Yuen, then [DIRECTOR] Woo, then Yuen WooPing, ha It interesting revisiting this in 2024 it really is the first true blue [DIRECTOR] film as we understand it today, yet more dramatic than actionoriented"
78,"Wenn man Kritiken zu A Better Tomorrow liest, oder mit Freunden über den Film fachsimpelt, dann geht's meist darum dass John Woo damit die Filmwelt, weit über die Grenzen Hongkongs, für immer verändern sollte. Die Inzenierung von Action war danach schlagartig eine andere. Eine bessere.Und das ist natürlich auch alles schön und gut, aber wie, verdammte Scheiße, wie, ist es überhaupt möglich, einen solchen Film auf die Welt loszulassen, wenn man kurz zuvor noch den beschissensten Scheißfilm aller beschissenen Scheißfilme, Run Tiger Run, verbrochen hat?.............................fucking Mindblowing!","Wenn man Kritiken zu A Better Tomorrow liest, oder mit Freunden ber den Film fachsimpelt, dann geht meist darum dass [DIRECTOR] damit die Filmwelt, weit ber die Grenzen Hongkongs, fr immer verndern sollte Die Inzenierung von Action war danach schlagartig eine andere Eine bessere Und das ist natrlich auch alles schn und gut, aber wie, verdammte Scheie, wie, ist es berhaupt mglich, einen solchen Film auf die Welt loszulassen, wenn man kurz zuvor noch den beschissensten Scheifilm aller beschissenen Scheifilme, Run Tiger Run, verbrochen hat? fucking Mindblowing"
79,"Kicking myself that I didn’t beg or borrow a Blu-ray when I screened this for my film students this week, but the image quality didn’t seem to hinder their enjoyment much: truly a delight to watch it with them. They responded in all the right ways: laughed loudly  (e. g. when the cello goes through Tsui Hark’s window) or gasped and groaned (e.g. at that epic Mark/Chow Yun-fat nose bleed) or were utterly silent (e.g. during that final brotherly display of love and sacrifice).Reminds me just how beautifully communal a thing it is when there’s a great movie and a great, engaged audience.","Kicking myself that I didnt beg or borrow a Bluray when I screened this for my film students this week, but the image quality didnt seem [ACTOR] hinder their enjoyment much truly a delight [ACTOR] watch it with them They responded in all the right ways laughed loudly e g when the cello goes through [ACTOR] window or gasped and groaned e g at that epic MarkChow Yunfat nose bleed or were utterly silent e g during that final brotherly display of love and sacrifice Reminds me just how beautifully communal a thing it is when there a great movie and a great, engaged audience"
80,Woo is so bro-mantic. Never seen a director so emotionally invested in male friendships. We can defeat our enemies together.,[DIRECTOR] is so bromantic Never seen a director so emotionally invested in male friendships We can defeat our enemies together
81,"Bullet ballet, blood, brotherly melodrama and Chow Yun-Fat. Lacks a little in rhythm but I always like my melodramatic bloodshed. Lots of fun.","Bullet ballet, blood, brotherly melodrama and [ACTOR] YunFat Lacks a little in rhythm but I always like my melodramatic bloodshed Lots of fun"
82,"Unironicallycoolaction scenes like Chow Yun-Fat speeding in on the boat or sliding across the floor on the roller cart thingy, and the sincerity of the character’s emotions toward each other (the reasons we all love John Woo movies), are both very much on display here.Really noticed the synth score this time - which is used only a little bit injustthe right moments. Once near the end, with the trio standing back to back carefully making their way through a field of bad guys, it hits just right.","Unironicallycoolaction scenes like [ACTOR] YunFat speeding in on the boat or sliding across the floor on the roller cart thingy, and thesincerity of the character emotions toward each other the reasons we all love [DIRECTOR] movies, are both very much on display here Really noticed the synth score this time which is used only a little bit injustthe right moments Once near the end, with the trio standing back [ACTOR] back carefully making their way through a field of bad guys, it hits just right"
83,"Familie, Freundschaft, Liebe, Betrug, Bruderschaft, Ehre.........und jede Menge Kugeln.John  Wooś Klassiker des Heroic Bloodshed  hat zwar noch nicht die stilistische (Treff)Sicherheit seiner späteren Werke, i kann aber getrost zu den Klassikern des HK-Kinos gezählt werden.Produziert  wurde das Ganze von Tsui Hark, seines Zeichens eine weitere Koryphäe und Legende des  Actionkinos.Ti Lung, Leslie Cheung verfeinern  die Saga  mit ihrem dramatischen Spiel, abgerundet durch die  extreme Coolness vom aufsteigenden Superstar Chow Yun Fat.Rohe Gewalt, Zeitlupe, Blut, Schweiss und  Tränen.......und eine Titelmelodie die  noch lange in den Gehörgängen  rumgeistert.Alles in allem, eine feine Sache.Für Fans von Action, Drama, Chang Cheh und Sam Peckinpah.","Familie, Freundschaft, Liebe, Betrug, Bruderschaft, Ehre und jede Menge Kugeln [DIRECTOR] Klassiker des Heroic Bloodshed hat zwar noch nicht die stilistische TreffSicherheit seiner spteren Werke, i kann aber getrost zu den Klassikern des HKKinos gezhlt werden Produziert wurde das Ganze von [ACTOR] Hark, seines Zeichens eine weitere Koryphe und Legende des Actionkinos [ACTOR] Lung, [ACTOR] verfeinern die Saga mit ihrem dramatischen Spiel, abgerundet durch die extreme Coolness vom aufsteigenden Superstar [ACTOR] Yun Fat Rohe Gewalt, Zeitlupe, Blut, Schweiss und Trnen und eine Titelmelodie die noch lange in den Gehrgngen rumgeistert Alles in allem, eine feine Sache Fr Fans von Action, Drama, [ACTOR] Cheh und Sam Peckinpah"
84,"God-John Woo delivers another incredible action/melodrama for the ages and yet this film gets the dynamic of how they must be done with a wacky yet adorable first glance, then there’s a clear tonal shift which works metaphorically with the film and it bewilders you with a different story it’s telling, you don’t expect that coming but looking back I realize how well crafted the story is. I think action movies easily lose themselves in the spectacle that forget how…","GodJohn [DIRECTOR] delivers another incredible actionmelodrama for the ages and yet this film gets the dynamic of how they must be done with a wacky yet adorable first glance, then there a clear tonal shift which works metaphorically with the film and it bewilders you with a different story it telling, you dont expect that coming but looking back I realize how well crafted the story is I think action movies easily lose themselves in the spectacle that forget how"
85,"One of the things about watching a lot of movies is, even when you do so, there's still a lot of movies to watch -especially the good stuff. Exhibit M here -- somehow I'd made it through life this far without ever seeing John Woo's A BETTER TOMORROW (aka Chow Yun-Fat's breakout performance) in its entirety - luckily I was finally able to remedy that - this is one of those before/after situations where Woo was about to change film,…","One of the things about watching a lot of movies is, even when you do so, there still a lot of movies [ACTOR] watch especially the good stuff Exhibit M here somehow Id made it through life this far without ever seeing [DIRECTOR] A BETTER TOMORROW aka [ACTOR] YunFat breakout performance in its entirety luckily I was finally able [ACTOR] remedy that this is one of those beforeafter situations where [DIRECTOR] was about [ACTOR] change film,"
86,"The story is common, but it's still fun to follow. And I can say that the action is excellent and highly recommended. It reminds me ofJohn Woo'sThe Killer, but the downside is thatA Better Tomorrowdoesn't have as much action scenes asThe Killer.By the way, I was a bit fooled by the poster. At first, I believed thatChow Yun-fatwas the main character, but it turned out that wasn't true. It turns out thatTi LungandLeslie Cheungare the main characters in here.","The story is common, but it still fun [ACTOR] follow And I can say that the action is excellent and highly recommended It reminds me ofJohn WoosThe Killer, but the downside is thatA Better Tomorrowdoesnt have as much action scenes asThe Killer By the way, I was a bit fooled by the poster At first, I believed thatChow Yunfatwas the main character, but it turned out that wasnt true It turns out thatTi LungandLeslie Cheungare the main characters in here"
87,"Ever since I watchedA HERO NEVER DIESa few days back and ended up being slightly underwhelmed with that movie...I've been wanting to re-watch this John Woo heroic bloodbath masterpiece again!I do slightly prefer A BETTER TOMORROW 2,THE KILLERand HARD BOILED to this, but still...this is such an awesome movie!! A classic John Woo melodramatic bloodbath...His familiar and trademark directing style is still rough around the edges here, but that's not so surprising, because this…","Ever since I watchedA HERO NEVER DIESa few days back and ended up being slightly underwhelmed with that movie Ive been wanting [ACTOR] rewatch this [DIRECTOR] heroic bloodbath masterpiece again I do slightly prefer A BETTER TOMORROW 2,THE KILLERand HARD BOILED [ACTOR] this, but still this is such an awesome movie A classic [DIRECTOR] melodramatic bloodbath His familiar and trademark directing style is still rough around the edges here, but that not so surprising, because this"
88,"Heroic-Bloodshed-Urgestein in eckig, kantig, roh und ungeschliffen sowie Blaupause für alles was das Actionkino hüben wie drüben für eine sehr lange Zeit inspirieren und dominieren sollte. Der frische Wind ließ über die sonst beanstandenden Overactingmanierismen der kantonesischen Schauspielkunst hinwegsehen. daran scheitern vor allem die verlässlichen Synchronstimmen von Frank Glaubrecht (u. a. Kevin Costner), Hans-Jürgen Dittberner (u. a. Christopher Reeve) und Joachim Tennstedt (u. a. Bryan Cranston), die ihre Handlungsrelevanz auch dann noch verbalisieren müssen, wenn Ti Lung, Leslie Cheung oder…","HeroicBloodshedUrgestein in eckig, kantig, roh und ungeschliffen sowie Blaupause fr alles was das Actionkino hben wie drben fr eine sehr lange Zeit inspirieren und dominieren sollte Der frische Wind lie ber die sonst beanstandenden Overactingmanierismen der kantonesischen Schauspielkunst hinwegsehen daran scheitern vor allem die verlsslichen Synchronstimmen von Frank Glaubrecht u a Kevin Costner, HansJrgen Dittberner u a Christopher Reeve und Joachim Tennstedt u a Bryan Cranston, die ihre Handlungsrelevanz auch dann noch verbalisieren mssen, wenn [ACTOR] Lung, [ACTOR] oder"
89,"Leslie Chung on an action film shooting people? Chow Yun-Fat lighting his cigarette with a dollar bill???? I mean how could it have been cooler????--SINEGANGweekly pick #25, chosen by philipSINEGANG WEEKLY PICK RANKEDAsian Cinema: Essential ViewingMy 2021 Watches: Ranked","[ACTOR] Chung on an action film shooting people? [ACTOR] YunFat lighting his cigarette with a dollar bill???? I mean how could it have been cooler????SINEGANGweekly pick 25, chosen by philipSINEGANG WEEKLY PICK RANKEDAsian Cinema Essential ViewingMy 2021 Watches Ranked"
90,"A Better Tomorrow mag vielleicht objektiv der schwächste Film der besten Ära John Woos sein, für mich wird er jedoch immer einen sehr großen Platz im Herzen einnehmen, da er meine Liebe für das HK-Actionthriller-Kino gemeinsam mit Wong Kar-Wais As Tears Go By begründet hat.Mit Ti Lung, Chow Yun-fat und Leslie Cheung hat John Woo auch direkt drei der größter Schauspielkönner Hong Kongs an Bord. Gemeinsam durchstehen die drei eine durchgehend unterhaltsame und kurzweilige Gangstergeschichte rund um Freundschaft, Familie…","A Better Tomorrow mag vielleicht objektiv der schwchste Film der besten ra [DIRECTOR] Woos sein, fr mich wird er jedoch immer einen sehr groen Platz im Herzen einnehmen, da er meine Liebe fr das HKActionthrillerKino gemeinsam mit [ACTOR] KarWais As Tears Go By begrndet hat Mit [ACTOR] Lung, [ACTOR] Yunfat und [ACTOR] hat [DIRECTOR] auch direkt drei der grter Schauspielknner Hong Kongs an Bord Gemeinsam durchstehen die drei eine durchgehend unterhaltsame und kurzweilige Gangstergeschichte rund um Freundschaft, Familie"
91,"""Bro I hate you""""Bro I'm different now""""Bro you ruined my job""""Bro I'm really a better person now""""Bro I'm a cop you're a gangster""Me: shut the fuck upAlso me: please shut the fuck up",Bro I hate youBro Im different nowBro you ruined my jobBro Im really a better person nowBro Im a cop youre a gangsterMe shut the fuck upAlso me please shut the fuck up
92,"A father dies to protect his son. The son surrenders to save his apprentice. A friend cripples himself to avenge the son. The two of them risk their lives to help the son's brother catch the apprentice. And in the final deciding moment of redemption, the resentful brother still hesitates. The friend must sacrifice his own life to show that the son has done the same. His handcuffs bind not to himself but restore a lost kinship.A Better Tomorrow…","A father dies [ACTOR] protect his son The son surrenders [ACTOR] save his apprentice A friend cripples himself [ACTOR] avenge the son The two of them risk their lives [ACTOR] help the son brother catch the apprentice And in the final deciding moment of redemption, the resentful brother still hesitates The friend must sacrifice his own life [ACTOR] show that the son has done the same His handcuffs bind not [ACTOR] himself but restore a lost kinship A Better Tomorrow"
93,"This could possibly be the most cinematic films I've seen in a long time, where every scene is incredible and memorable. Shootouts, Brotherhood, and Forgiveness","This could possibly be the most cinematic films Ive seen in a long time, where every scene is incredible and memorable Shootouts, Brotherhood, and Forgiveness"
94,"Ti Lung and Chow Yun-fat are both great, the plot is fun and there are few incredible scenes, but overal nothing was really unforgettable. I much prefer Woo's effort with Hard Boiled which was just totally crazy and over the top exciting.Today though I'm mostly just sad that Woo stopped making those great Hong Kong action films ever since coming to Hollywood.","[ACTOR] and [ACTOR] Yunfat are both great, the plot is fun and there are few incredible scenes, but overal nothing was really unforgettable I much prefer [DIRECTOR] effort with Hard Boiled which was just totally crazy and over the top exciting Today though Im mostly just sad that [DIRECTOR] stopped making those great Hong Kong action films ever since coming [ACTOR] Hollywood"
95,"Bullet laced, blood spurting action from John Woo. Woo is one of the best there is at directing gunfights, they truly are magnificent to watch. The film is also emotional when it needs to be and the plot is not just forgotten in favour of style, this has both and they are both great.This was a breakout role for Chow Yun-fat, and understandably so, he was so cool even with his one legged character. Leslie Cheung was a little…","Bullet laced, blood spurting action from [DIRECTOR] [DIRECTOR] is one of the best there is at directing gunfights, they truly are magnificent [ACTOR] watch The film is also emotional when it needs [ACTOR] be and the plot is not just forgotten in favour of style, this has both and they are both great This was a breakout role for [ACTOR] Yunfat, and understandably so, he was so cool even with his one legged character [ACTOR] was a little"
